{"cameraMode":{"drawMode":0,"name":"Shaded","section":"Shading Mode"},"sceneLighting":true,"audioPlay":false,"sceneViewState":{"m_AlwaysRefresh":false,"showFog":true,"showSkybox":true,"showFlares":true,"showImageEffects":true,"showParticleSystems":true,"showVisualEffectGraphs":true,"m_FxEnabled":true},"in2DMode":false,"pivot":{"x":9.469932556152344,"y":1.9304306507110596,"z":10.084148406982422},"rotation":{"x":-0.02018512226641178,"y":0.3202767074108124,"z":-0.006826078053563833,"w":-0.9470875263214111},"size":3.317333459854126,"orthographic":false}