{"cameraMode":{"drawMode":0,"name":"Shaded","section":"Shading Mode"},"sceneLighting":true,"audioPlay":false,"sceneViewState":{"m_AlwaysRefresh":false,"showFog":true,"showSkybox":true,"showFlares":true,"showImageEffects":true,"showParticleSystems":true,"showVisualEffectGraphs":true,"m_FxEnabled":true},"in2DMode":false,"pivot":{"x":-2.308197259902954,"y":2.2198264598846437,"z":-5.3805108070373539},"rotation":{"x":0.22957956790924073,"y":-0.11791516095399857,"z":0.028031889349222184,"w":0.9657151103019714},"size":10.590316772460938,"orthographic":true}